pred,proportion
A,0.0025388291517323774
L,0.0023894862604540022
N,0.06750298685782556
R,0.002986857825567503
V,0.012992831541218637
other,0.9115890083632019
